﻿State,Abbreviation,Median WRLURI18,Median WRLURI Meaning,Mean WRLURI18,Mean WRLURI Meaning,Housing RPP,Modal Regulation Numeric,Modal Regulation,Real Personal Income
Alabama,AL,0.052474555,Moderately Regulated,0.22829263,Moderately Regulated,57.5,2,Moderately Regulated,253984
Alaska,AK,0.32326925,Moderately Regulated,0.504539099,Moderately Regulated,96.8,2,Moderately Regulated,42599
Arizona,AZ,0.45976996,Moderately Regulated,0.545554149,Moderately Regulated,106.3,2,Moderately Regulated,371495
Arkansas,AR,0.22391972,Moderately Regulated,0.42120443,Moderately Regulated,55.8,3,Highly Regulated,159684
California,CA,0.121834328,Moderately Regulated,0.10221062,Moderately Regulated,160.2,2,Moderately Regulated,2306734
Colorado,CO,-0.01267941,Moderately Regulated,0.291540229,Moderately Regulated,129.6,2,Moderately Regulated,373024
Connecticut,CT,0.090053886,Moderately Regulated,0.040244693,Moderately Regulated,119.4,2,Moderately Regulated,243876
Delaware,DE,0.05405856,Moderately Regulated,0.05405856,Moderately Regulated,98.9,2,Moderately Regulated,56734
Florida,FL,-0.051480804,Moderately Regulated,-0.005736751,Moderately Regulated,116.3,2,Moderately Regulated,1217815
Georgia,GA,-0.17216745,Moderately Regulated,-0.116450414,Moderately Regulated,87.7,1,Lightly Regulated,556053
Idaho,ID,0.744463265,Highly Regulated,0.33341242,Moderately Regulated,87.7,3,Highly Regulated,103154
Illinois,IL,-0.119322083,Moderately Regulated,0.019002069,Moderately Regulated,94.1,2,Moderately Regulated,725404
Indiana,IN,-0.052004432,Moderately Regulated,-0.043788621,Moderately Regulated,70.6,2,Moderately Regulated,374525
Iowa,IA,0.2841682,Moderately Regulated,0.225795002,Moderately Regulated,67.1,2,Moderately Regulated,188090
Kansas,KS,0.057237732,Moderately Regulated,0.050664333,Moderately Regulated,69.9,2,Moderately Regulated,170230
Kentucky,KY,0.352736835,Moderately Regulated,0.364265213,Moderately Regulated,62.3,2,Moderately Regulated,226240
Louisiana,LA,0.41628205,Moderately Regulated,0.363227103,Moderately Regulated,66.9,3,Highly Regulated,238347
Maine,ME,-0.5283178,Moderately Regulated,-0.288640336,Moderately Regulated,83.5,2,Moderately Regulated,71837
Maryland,MD,-0.216177025,Moderately Regulated,-0.129488945,Moderately Regulated,123,2,Moderately Regulated,355923
Massachusetts,MA,0.122224918,Moderately Regulated,0.127988791,Moderately Regulated,128.6,2,Moderately Regulated,465702
Michigan,MI,-0.16802706,Moderately Regulated,-0.02501776,Moderately Regulated,80.9,2,Moderately Regulated,528588
Minnesota,MN,0.12492908,Moderately Regulated,0.175809787,Moderately Regulated,97.3,2,Moderately Regulated,347519
Mississippi,MS,-0.0623246,Moderately Regulated,0.1232943,Moderately Regulated,56.8,2,Moderately Regulated,134708
Missouri,MO,0.17857437,Moderately Regulated,0.097497494,Moderately Regulated,69.3,2,Moderately Regulated,338259
Montana,MT,0.5013532,Moderately Regulated,0.056661969,Moderately Regulated,74.6,2,Moderately Regulated,65459
Nebraska,NE,-0.57959967,Moderately Regulated,-0.213161459,Moderately Regulated,73.3,1,Lightly Regulated,121519
Nevada,NV,0.09963016,Moderately Regulated,1.11710098,Highly Regulated,111.8,2,Moderately Regulated,176628
New Hampshire,NH,0.002514111,Moderately Regulated,-0.048362789,Moderately Regulated,121.3,2,Moderately Regulated,82663
New Jersey,NJ,0.29250327,Moderately Regulated,0.395685388,Moderately Regulated,135.7,2,Moderately Regulated,567278
New Mexico,NM,0.361943832,Moderately Regulated,0.16831992,Moderately Regulated,75.7,3,Highly Regulated,104614
New York,NY,0.020558397,Moderately Regulated,0.067685459,Moderately Regulated,124.6,2,Moderately Regulated,1189919
North Carolina,NC,-0.029113853,Moderately Regulated,-0.03181556,Moderately Regulated,78.8,2,Moderately Regulated,569464
North Dakota,ND,-0.283661435,Moderately Regulated,0.050521763,Moderately Regulated,65.3,2,Moderately Regulated,53364
Ohio,OH,0.022795702,Moderately Regulated,0.128780784,Moderately Regulated,72.8,2,Moderately Regulated,640897
Oklahoma,OK,-0.55322146,Moderately Regulated,-0.351011178,Moderately Regulated,63.2,2,Moderately Regulated,219978
Oregon,OR,-0.031694493,Moderately Regulated,0.104140848,Moderately Regulated,110.4,2,Moderately Regulated,213907
Pennsylvania,PA,-0.33871564,Moderately Regulated,-0.249601607,Moderately Regulated,86.4,2,Moderately Regulated,750418
Rhode Island,RI,-0.218140729,Moderately Regulated,-0.355754668,Moderately Regulated,104.5,2,Moderately Regulated,57290
South Carolina,SC,-0.10249056,Moderately Regulated,-0.117169367,Moderately Regulated,78.8,1,Lightly Regulated,261255
South Dakota,SD,-0.713483448,Lightly Regulated,-0.810804856,Lightly Regulated,64.9,1,Lightly Regulated,60828
Tennessee,TN,-0.050401463,Moderately Regulated,0.125412207,Moderately Regulated,76.8,2,Moderately Regulated,386370
Texas,TX,-0.4223931,Moderately Regulated,-0.34067691,Moderately Regulated,97,2,Moderately Regulated,1663095
Utah,UT,-0.6697011,Lightly Regulated,-0.440766875,Moderately Regulated,105.3,1,Lightly Regulated,183600
Vermont,VT,-0.173494933,Moderately Regulated,-0.19422694,Moderately Regulated,89,2,Moderately Regulated,34816
Virginia,VA,-0.28530058,Moderately Regulated,-0.23363535,Moderately Regulated,107.7,2,Moderately Regulated,506086
Washington,WA,-0.26444565,Moderately Regulated,-0.07600427,Moderately Regulated,127.6,2,Moderately Regulated,460723
West Virginia,WV,0.04129972,Moderately Regulated,0.047342092,Moderately Regulated,53.9,2,Moderately Regulated,85805
Wisconsin,WI,0.170931,Moderately Regulated,0.039426101,Moderately Regulated,77.5,2,Moderately Regulated,338615
Wyoming,WY,-0.07969078,Moderately Regulated,-0.21997234,Moderately Regulated,79,2,Moderately Regulated,39983
